Wall time,Step,Value
1784842153.9054902,1004,256.0
1784842153.9340746,1216,212.0
1784842154.0084429,1790,44.0
1784842154.0584826,2163,136.0
1784842154.0784872,2319,156.0
1784842154.1585643,2926,249.0
1784842154.1975825,3208,173.0
1784842154.2716398,3772,72.0
1784842154.5401082,5741,256.0
1784842154.6106603,6250,176.0
1784842154.6422603,6479,33.0
1784842154.6872952,6800,256.0
1784842154.7118132,6943,143.0
1784842154.7437425,7111,23.0
1784842154.8154469,7613,78.0
1784842154.8244538,7680,67.0
1784842154.844508,7830,150.0
1784842154.8600128,7939,109.0
1784842154.874021,8041,102.0
1784842155.027748,9154,115.0
1784842155.0572622,9369,70.0
1784842155.0992975,9664,111.0
1784842155.1138706,9767,103.0
1784842155.1198702,9816,49.0
1784842155.1523807,10065,249.0
1784842155.2454367,10755,97.0
1784842155.312163,11230,72.0
1784842155.3231666,11314,84.0
1784842155.4083717,11939,37.0
1784842155.4944606,12553,31.0
1784842155.5119693,12679,41.0
1784842155.5470126,12935,256.0
1784842155.6465898,13651,96.0
1784842155.6891615,13959,71.0
1784842155.705822,14082,38.0
1784842155.8133872,14827,34.0
1784842155.8323958,14959,64.0
1784842155.8359237,14984,25.0
1784842155.9532373,15831,256.0
1784842155.9647508,15902,42.0
1784842155.9697566,15936,34.0
1784842155.9842613,16042,106.0
1784842156.0423155,16450,17.0
1784842156.065825,16615,35.0
1784842156.074829,16679,19.0
1784842156.0828288,16739,60.0
1784842156.1148543,16960,73.0
1784842156.1539052,17229,92.0
1784842156.1599045,17278,49.0
1784842156.1759126,17383,39.0
1784842156.2054305,17582,32.0
1784842156.208939,17601,19.0
1784842156.2199423,17679,55.0
1784842156.243627,17849,41.0
1784842156.2611349,17970,42.0
1784842156.264137,17989,19.0
1784842156.283154,18117,61.0
1784842156.303701,18265,70.0
1784842156.3067026,18292,27.0
1784842156.3342388,18481,23.0
1784842156.3732767,18759,31.0
1784842156.376276,18778,19.0
1784842156.3782785,18794,16.0
1784842156.391312,18880,19.0
1784842156.442879,19239,36.0
1784842156.4459226,19262,23.0
1784842156.4569225,19337,32.0
1784842156.4779277,19476,26.0
1784842156.491444,19571,35.0
1784842156.494442,19590,19.0
1784842156.501441,19635,45.0
1784842156.5089624,19684,13.0
1784842156.596062,20303,32.0
1784842156.627584,20513,36.0
1784842156.6441233,20625,19.0
1784842156.65064,20672,31.0
1784842156.6536372,20688,16.0
1784842156.66264,20752,27.0
1784842156.6956708,20977,11.0
1784842156.7362013,21259,107.0
1784842156.7782326,21562,256.0
1784842156.8193007,21873,15.0
1784842156.978432,23000,84.0
1784842157.0875337,23807,135.0
1784842157.0975318,23877,70.0
1784842157.136571,24156,60.0
1784842157.1446075,24214,58.0
1784842157.2017677,24630,256.0
1784842157.212769,24717,87.0
1784842157.2533207,25013,40.0
1784842157.2723317,25151,70.0
1784842157.3341153,25590,181.0
1784842157.3647413,25802,212.0
1784842157.386261,25968,166.0
1784842157.4923906,26739,214.0
1784842157.501898,26813,74.0
1784842157.5379283,27069,256.0
1784842157.6035607,27570,93.0
1784842157.7331483,28541,23.0
1784842157.744673,28622,25.0
1784842157.7702043,28803,22.0
1784842157.8048015,29052,29.0
1784842157.8098018,29091,39.0
1784842157.860904,29483,31.0
1784842157.8809114,29626,52.0
1784842157.9319372,30025,162.0
1784842157.956965,30219,36.0
1784842157.9664845,30276,14.0
1784842157.9870014,30419,28.0
1784842157.9930012,30467,48.0
1784842157.9960053,30484,17.0
1784842158.00652,30569,74.0
1784842158.0480855,30891,119.0
1784842158.0851278,31163,13.0
1784842158.089127,31190,27.0
1784842158.0951273,31239,49.0
1784842158.1746988,31820,87.0
1784842158.2382364,32302,15.0
1784842158.2988672,32757,93.0
1784842158.3089046,32832,75.0
1784842158.3294265,32984,88.0
1784842158.3533595,33163,129.0
1784842158.3738756,33310,49.0
1784842158.4549832,33921,159.0
1784842158.4910212,34196,256.0
1784842158.5040205,34300,104.0
1784842158.530537,34499,33.0
1784842158.5773134,34858,113.0
1784842158.6693828,35567,256.0
1784842158.6783829,35638,71.0
1784842158.68941,35709,29.0
1784842158.6954112,35754,45.0
1784842158.7814534,36411,78.0
1784842158.7929645,36498,87.0
1784842158.9045296,37364,135.0
1784842158.9285333,37536,23.0
1784842158.9380414,37612,76.0
1784842158.9537303,37737,102.0
1784842158.96373,37805,31.0
1784842159.1934028,39633,27.0
1784842159.2634416,40191,256.0
1784842159.292476,40421,201.0
1784842159.33152,40727,251.0
1784842159.3435364,40821,63.0
1784842159.3930802,41193,19.0
1784842159.4086156,41313,120.0
1784842159.5236886,42192,239.0
1784842159.528688,42217,11.0
1784842159.5306876,42228,11.0
1784842159.5352023,42252,11.0
1784842159.5372005,42263,11.0
1784842159.5437114,42300,11.0
1784842159.5502183,42326,13.0
1784842159.5602236,42383,11.0
1784842159.5622234,42396,13.0
1784842159.5802271,42499,13.0
1784842159.5832276,42521,11.0
1784842159.5902514,42565,11.0
1784842159.5922513,42576,11.0
1784842159.5942516,42587,11.0
1784842159.6057603,42667,41.0
1784842159.6863303,43296,256.0
1784842159.717838,43534,238.0
1784842159.7874002,44079,256.0
1784842159.8189085,44359,43.0
1784842159.8449295,44571,212.0
1784842159.8524373,44629,58.0
1784842159.861437,44691,62.0
1784842159.8654377,44716,25.0
1784842159.8874655,44884,168.0
1784842159.9269795,45197,57.0
1784842159.9289782,45208,11.0
1784842159.939005,45268,11.0
1784842159.9400048,45279,11.0
1784842159.948546,45327,11.0
1784842159.9535465,45364,13.0
1784842159.957546,45387,12.0
1784842159.9685462,45455,11.0
1784842159.97255,45481,13.0
1784842159.98255,45540,11.0
1784842159.9900587,45588,11.0
1784842159.9920585,45599,11.0
1784842159.9960587,45623,11.0
1784842160.0185666,45761,11.0
1784842160.0621016,46089,25.0
1784842160.095612,46345,256.0
1784842160.1412156,46710,109.0
1784842160.1577501,46839,129.0
1784842160.1892655,47095,256.0
1784842160.2087753,47241,146.0
1784842160.2117748,47263,11.0
1784842160.2177744,47296,11.0
1784842160.2247813,47340,11.0
1784842160.2267816,47351,11.0
1784842160.2342854,47399,11.0
1784842160.2402902,47432,11.0
1784842160.2463076,47476,11.0
1784842160.2523127,47511,11.0
1784842160.2543073,47522,11.0
1784842160.2563076,47533,11.0
1784842160.2573073,47544,11.0
1784842160.2593071,47555,11.0
1784842160.263307,47577,11.0
1784842160.2643077,47588,11.0
1784842160.266307,47599,11.0
1784842160.2723122,47634,11.0
1784842160.2733154,47645,11.0
1784842160.2753124,47656,11.0
1784842160.279312,47678,11.0
1784842160.283312,47706,15.0
1784842160.2853425,47719,13.0
1784842160.298853,47800,11.0
1784842160.3038523,47833,11.0
1784842160.3113606,47881,15.0
1784842160.3173637,47914,11.0
1784842160.321364,47936,11.0
1784842160.324364,47958,11.0
1784842160.3313782,48002,11.0
1784842160.3384013,48046,11.0
1784842160.3444138,48083,11.0
1784842160.3464139,48094,11.0
1784842160.3484137,48106,12.0
1784842160.3504138,48117,11.0
1784842160.361414,48183,11.0
1784842160.3724174,48253,11.0
1784842160.3764179,48279,15.0
1784842160.3784177,48290,11.0
1784842160.3864453,48337,12.0
1784842160.3924453,48374,11.0
1784842160.3944478,48385,11.0
1784842160.3994453,48418,11.0
1784842160.4004455,48429,11.0
1784842160.4029486,48442,13.0
1784842160.4069533,48465,11.0
1784842160.4099588,48487,11.0
1784842160.4209588,48555,11.0
1784842160.4264674,48588,11.0
1784842160.4284678,48601,13.0
1784842160.4349766,48640,13.0
1784842160.4359767,48651,11.0
1784842160.4379764,48662,11.0
1784842160.4414847,48684,11.0
1784842160.4434853,48695,11.0
1784842160.4549932,48770,15.0
1784842160.4619927,48814,11.0
1784842160.463993,48825,11.0
1784842160.4679925,48847,11.0
1784842160.4709964,48869,11.0
1784842160.4750218,48891,11.0
1784842160.4769995,48902,11.0
1784842160.478998,48913,11.0
1784842160.4809973,48924,11.0
1784842160.4829965,48938,14.0
1784842160.4880261,48971,11.0
1784842160.4920259,48993,11.0
1784842160.495026,49015,11.0
1784842160.5005345,49050,13.0
1784842160.5045345,49074,13.0
1784842160.5065343,49085,11.0
1784842160.5075343,49096,11.0
1784842160.5185344,49166,11.0
1784842160.520538,49177,11.0
1784842160.524538,49199,11.0
1784842160.5295384,49232,11.0
1784842160.5370493,49280,11.0
1784842160.5425541,49313,11.0
1784842160.5480647,49352,15.0
1784842160.5500646,49363,11.0
1784842160.5540652,49385,11.0
1784842160.5580647,49407,11.0
1784842160.5620646,49431,11.0
1784842160.5710685,49486,11.0
1784842160.5760686,49519,11.0
1784842160.5790684,49541,11.0
1784842160.6061087,49706,11.0
1784842160.613617,49753,11.0
1784842160.6176164,49778,11.0
1784842160.6196213,49789,11.0
1784842160.6276214,49835,11.0
1784842160.631623,49857,11.0
1784842160.6326213,49868,11.0
1784842160.6391332,49901,11.0
1784842160.642641,49923,11.0
1784842160.6456418,49947,11.0
1784842160.6516411,49982,13.0
1784842160.6556416,50006,11.0
1784842160.657145,50019,13.0
1784842160.6611497,50041,11.0
1784842160.6691499,50085,11.0
1784842160.676154,50131,11.0
1784842160.6891818,50208,11.0
1784842160.691182,50219,11.0
1784842160.693182,50230,11.0
1784842160.6951823,50241,11.0
1784842160.6981819,50263,11.0
1784842160.7031817,50296,11.0
1784842160.7056904,50307,11.0
1784842160.70669,50318,11.0
1784842160.7126899,50353,13.0
1784842160.71469,50364,11.0
1784842160.71669,50375,11.0
1784842160.7186902,50386,11.0
1784842160.7326937,50482,13.0
1784842160.7352023,50493,11.0
1784842160.740705,50526,11.0
1784842160.7532175,50605,13.0
1784842160.7592175,50638,11.0
1784842160.7732246,50726,11.0
1784842160.775222,50737,11.0
1784842160.7792213,50763,13.0
1784842160.7812214,50774,11.0
1784842160.7832212,50785,11.0
1784842160.7892501,50824,13.0
1784842160.79125,50835,11.0
1784842160.79425,50857,11.0
1784842160.79825,50879,11.0
1784842160.8077583,50940,11.0
1784842160.8097582,50951,11.0
1784842160.8177586,51001,13.0
1784842160.8197622,51012,11.0
1784842160.8217626,51023,11.0
1784842160.8237634,51034,11.0
1784842160.8297622,51069,13.0
1784842160.831762,51080,11.0
1784842160.832762,51091,11.0
1784842160.8382707,51126,11.0
1784842160.840774,51139,13.0
1784842160.8562887,51238,20.0
1784842160.8632886,51282,11.0
1784842160.8672886,51304,11.0
1784842160.871295,51326,11.0
1784842160.872295,51337,11.0
1784842160.878295,51370,11.0
1784842160.883295,51405,11.0
1784842160.8848076,51416,11.0
1784842160.8868084,51427,11.0
1784842160.8888083,51438,11.0
1784842160.894809,51473,13.0
1784842160.9113188,51573,11.0
1784842160.914319,51595,11.0
1784842160.9183187,51617,11.0
1784842160.9213228,51639,11.0
1784842160.9243228,51654,15.0
1784842160.9293227,51687,11.0
1784842160.9333236,51709,11.0
1784842160.9368293,51731,11.0
1784842160.94534,51788,11.0
1784842160.958843,51869,13.0
1784842160.9608476,51885,16.0
1784842160.9668484,51920,13.0
1784842160.9718516,51946,13.0
1784842160.9818509,52012,11.0
1784842160.984355,52023,11.0
1784842160.9873595,52047,13.0
1784842160.9913595,52069,11.0
1784842160.9983594,52113,11.0
1784842161.005864,52157,11.0
1784842161.0098689,52179,11.0
1784842161.0188684,52234,11.0
1784842161.0208724,52249,15.0
1784842161.0228722,52260,11.0
1784842161.036382,52339,11.0
1784842161.0383818,52352,13.0
1784842161.0498903,52418,11.0
1784842161.0563986,52464,13.0
1784842161.0594022,52475,11.0
1784842161.0613985,52486,11.0
1784842161.0774028,52587,11.0
1784842161.0814025,52611,13.0
1784842161.0874314,52646,13.0
1784842161.0994315,52716,11.0
1784842161.100935,52727,11.0
1784842161.10894,52771,11.0
1784842161.1139429,52804,11.0
1784842161.1159396,52815,11.0
1784842161.1169395,52826,11.0
1784842161.1229467,52863,13.0
1784842161.1439598,52994,11.0
1784842161.1494691,53030,11.0
1784842161.1544704,53063,11.0
1784842161.1564693,53074,11.0
1784842161.1584692,53087,13.0
1784842161.1644695,53122,13.0
1784842161.16547,53133,11.0
1784842161.1674693,53144,11.0
1784842161.1960053,53320,13.0
1784842161.2020133,53353,11.0
1784842161.20601,53377,13.0
1784842161.20801,53390,13.0
1784842161.21201,53412,11.0
1784842161.2130098,53423,11.0
1784842161.21901,53456,11.0
1784842161.2240138,53493,11.0
1784842161.2260137,53504,11.0
1784842161.2300136,53528,13.0
1784842161.2340167,53550,11.0
1784842161.2370498,53572,11.0
1784842161.24105,53596,13.0
1784842161.2465603,53629,11.0
1784842161.2495635,53653,13.0
1784842161.2535603,53675,11.0
1784842161.2575598,53699,11.0
1784842161.2610683,53723,11.0
1784842161.2650692,53745,11.0
1784842161.2840726,53861,13.0
1784842161.2910995,53905,11.0
1784842161.2986093,53949,11.0
1784842161.300609,53962,13.0
1784842161.302609,53975,13.0
1784842161.3066094,53997,11.0
1784842161.3121207,54032,11.0
1784842161.3171237,54067,13.0
1784842161.3211231,54089,11.0
1784842161.326123,54124,11.0
1784842161.338141,54196,11.0
1784842161.3416457,54218,11.0
1784842161.3446503,54240,11.0
1784842161.3466508,54253,13.0
1784842161.3516502,54288,11.0
1784842161.3541596,54299,11.0
1784842161.3561587,54310,11.0
1784842161.3621583,54343,11.0
1784842161.3771625,54439,11.0
1784842161.38619,54494,11.0
1784842161.38919,54516,11.0
1784842161.4006937,54582,11.0
1784842161.4076984,54628,11.0
1784842161.4096982,54639,11.0
1784842161.411698,54650,11.0
1784842161.413699,54661,11.0
1784842161.4247022,54727,11.0
1784842161.4297023,54760,11.0
1784842161.4427176,54839,11.0
1784842161.4457178,54861,11.0
1784842161.4522245,54896,11.0
1784842161.4537277,54909,13.0
1784842161.4597323,54946,13.0
1784842161.4617321,54957,11.0
1784842161.4707372,55012,11.0
1784842161.4727376,55025,13.0
1784842161.4747365,55036,11.0
1784842161.4807363,55071,11.0
1784842161.4862452,55104,11.0
1784842161.4872441,55115,11.0
1784842161.489244,55126,11.0
1784842161.4912438,55137,11.0
1784842161.4932473,55148,11.0
1784842161.5047529,55216,11.0
1784842161.5157533,55286,11.0
1784842161.5267565,55354,11.0
1784842161.5342638,55400,11.0
1784842161.5382707,55424,11.0
1784842161.5477803,55479,11.0
1784842161.5547807,55529,15.0
1784842161.568289,55608,11.0
1784842161.5712926,55630,11.0
1784842161.5772924,55663,11.0
1784842161.5812993,55689,13.0
1784842161.5832925,55702,13.0
1784842161.5888066,55736,11.0
1784842161.590807,55747,11.0
1784842161.5938075,55769,11.0
1784842161.595807,55780,11.0
1784842161.6018069,55817,11.0
1784842161.6343226,56018,11.0
1784842161.6363554,56029,11.0
1784842161.6373553,56040,11.0
1784842161.6393554,56051,11.0
1784842161.6473897,56095,11.0
1784842161.6523895,56130,11.0
1784842161.6599004,56176,11.0
1784842161.661898,56187,11.0
1784842161.6638985,56198,11.0
1784842161.6709023,56246,11.0
1784842161.6729023,56257,11.0
1784842161.6749027,56270,13.0
1784842161.6789024,56294,11.0
1784842161.6829023,56318,13.0
1784842161.6864107,56342,13.0
1784842161.6904106,56364,11.0
1784842161.7044277,56454,13.0
1784842161.7134278,56509,11.0
1784842161.715428,56520,11.0
1784842161.7324312,56623,11.0
1784842161.734431,56634,11.0
1784842161.755475,56761,11.0
1784842161.7644753,56818,11.0
1784842161.7704778,56851,11.0
1784842161.7724776,56864,13.0
1784842161.777478,56897,11.0
1784842161.7814784,56920,12.0
1784842161.7824779,56933,13.0
1784842161.797495,57025,11.0
1784842161.7994945,57038,13.0
1784842161.8014946,57049,11.0
1784842161.803495,57060,11.0
1784842161.8094945,57093,11.0
1784842161.8134944,57117,11.0
1784842161.8154953,57128,11.0
1784842161.8164947,57139,11.0
1784842161.8305018,57227,11.0
1784842161.8400111,57286,13.0
1784842161.8425188,57299,13.0
1784842161.8480284,57332,11.0
1784842161.8610284,57413,13.0
1784842161.8650286,57437,13.0
1784842161.8845463,57557,11.0
1784842161.8935509,57612,11.0
1784842161.8955507,57623,11.0
1784842161.899551,57647,11.0
1784842161.9015505,57658,11.0
1784842161.912059,57727,11.0
1784842161.9140592,57738,11.0
1784842161.9250631,57806,11.0
1784842161.9270625,57818,12.0
1784842161.9435964,57919,11.0
1784842161.9505959,57965,11.0
1784842161.9535959,57987,11.0
1784842161.9621134,58031,11.0
1784842161.978116,58132,11.0
1784842161.9831166,58158,11.0
1784842161.988144,58193,11.0
1784842161.9931448,58215,11.0
1784842161.9941454,58226,11.0
1784842162.0036523,58283,11.0
1784842162.0096517,58316,11.0
1784842162.018652,58371,11.0
1784842162.0216553,58393,11.0
1784842162.0296555,58439,11.0
1784842162.0326555,58461,11.0
1784842162.0351639,58472,11.0
1784842162.0361636,58483,11.0
1784842162.0401635,58505,11.0
1784842162.043672,58527,11.0
1784842162.0531812,58586,11.0
1784842162.0591812,58623,13.0
1784842162.0631814,58647,13.0
1784842162.0681813,58682,11.0
1784842162.0741851,58717,13.0
1784842162.0811853,58761,11.0
1784842162.0872207,58794,11.0
1784842162.0942206,58838,11.0
1784842162.0962212,58849,11.0
1784842162.097725,58860,11.0
1784842162.1117294,58945,11.0
1784842162.1147296,58967,11.0
1784842162.1187294,58989,11.0
1784842162.123734,59024,13.0
1784842162.1257339,59035,11.0
1784842162.137242,59101,11.0
1784842162.1392422,59112,11.0
1784842162.1465025,59162,13.0
1784842162.154502,59206,11.0
1784842162.1595023,59239,11.0
1784842162.1615021,59250,11.0
1784842162.1625023,59261,11.0
1784842162.1645026,59272,11.0
1784842162.1695063,59294,11.0
1784842162.1745067,59329,11.0
1784842162.1880164,59410,13.0
1784842162.1900165,59421,11.0
1784842162.1990168,59476,11.0
1784842162.2030165,59500,13.0
1784842162.2050169,59511,11.0
1784842162.2060165,59522,11.0
1784842162.2225285,59623,11.0
1784842162.230528,59667,11.0
1784842162.2315285,59678,11.0
1784842162.234032,59689,11.0
1784842162.2350368,59700,11.0
1784842162.2390363,59722,11.0
1784842162.248064,59779,11.0
1784842162.2500641,59790,11.0
1784842162.253064,59814,13.0
1784842162.2555733,59825,11.0
1784842162.2575727,59838,13.0
1784842162.2635763,59873,13.0
1784842162.2675726,59895,11.0
1784842162.2685726,59906,11.0
1784842162.270577,59917,11.0
1784842162.288089,60022,11.0
1784842162.2930908,60055,11.0
1784842162.3101065,60156,11.0
1784842162.321111,60224,13.0
1784842162.3231108,60237,13.0
1784842162.3341227,60305,11.0
1784842162.3361275,60316,11.0
1784842162.3371277,60327,11.0
1784842162.3411274,60349,11.0
1784842162.352661,60417,13.0
1784842162.3636608,60485,11.0
1784842162.3656611,60496,11.0
1784842162.3826647,60606,15.0
1784842162.3851738,60617,11.0
1784842162.3901727,60650,11.0
1784842162.3951738,60685,13.0
1784842162.4046826,60735,13.0
1784842162.407683,60757,11.0
1784842162.4156828,60803,11.0
1784842162.4266882,60869,11.0
1784842162.4341927,60919,13.0
1784842162.4361994,60930,11.0
1784842162.442198,60967,13.0
1784842162.4457083,60991,11.0
1784842162.4507074,61024,11.0
1784842162.4577074,61070,11.0
1784842162.4622157,61094,13.0
1784842162.466229,61116,11.0
1784842162.468229,61130,14.0
1784842162.4702291,61141,11.0
1784842162.4827368,61218,11.0
1784842162.4872484,61242,11.0
1784842162.4892483,61253,11.0
1784842162.5002484,61321,11.0
1784842162.5022483,61332,11.0
1784842162.5032485,61343,11.0
1784842162.5067523,61365,11.0
1784842162.511757,61391,11.0
1784842162.5327606,61525,11.0
1784842162.5497785,61624,11.0
1784842162.5572867,61672,11.0
1784842162.5672865,61729,11.0
1784842162.5692868,61740,11.0
1784842162.5782907,61799,11.0
1784842162.5802908,61812,13.0
1784842162.5822906,61823,11.0
1784842162.5903192,61869,11.0
1784842162.5923193,61880,11.0
1784842162.6028278,61948,13.0
1784842162.6108274,61994,11.0
1784842162.6118274,62005,11.0
1784842162.6138275,62016,11.0
1784842162.6178277,62040,11.0
1784842162.6198313,62051,11.0
1784842162.6288311,62108,11.0
1784842162.6343348,62141,11.0
1784842162.6383395,62163,11.0
1784842162.6433709,62198,11.0
1784842162.648875,62231,11.0
1784842162.6548803,62264,11.0
1784842162.6578798,62286,11.0
1784842162.6688795,62352,11.0
1784842162.6708844,62363,11.0
1784842162.6748846,62385,11.0
1784842162.6778836,62407,11.0
1784842162.6943915,62512,11.0
1784842162.6969006,62523,11.0
1784842162.6989005,62534,11.0
1784842162.7009006,62545,11.0
1784842162.7259057,62705,13.0
1784842162.7329054,62751,11.0
1784842162.7404141,62796,11.0
1784842162.7424142,62807,11.0
1784842162.7484453,62842,13.0
1784842162.7494483,62853,11.0
1784842162.7554455,62886,11.0
1784842162.7589486,62908,11.0
1784842162.7629533,62936,13.0
1784842162.7729578,62997,11.0
1784842162.7789571,63032,11.0
1784842162.782957,63056,13.0
1784842162.7844617,63067,11.0
1784842162.7884667,63091,13.0
1784842162.793467,63124,11.0
1784842162.7994666,63161,13.0
1784842162.8034666,63183,11.0
1784842162.808979,63218,11.0
1784842162.8149793,63255,13.0
1784842162.816979,63266,11.0
1784842162.8219826,63299,11.0
1784842162.827986,63334,11.0
1784842162.8414912,63422,11.0
1784842162.8435783,63433,11.0
1784842162.8475778,63455,11.0
1784842162.8560884,63512,11.0
1784842162.8660882,63569,11.0
1784842162.8680882,63580,11.0
1784842162.8700924,63591,11.0
1784842162.8740923,63613,11.0
1784842162.875097,63624,11.0
1784842162.8790925,63646,11.0
1784842162.8830929,63668,11.0
1784842162.8881223,63703,11.0
1784842162.8901222,63714,11.0
1784842162.8981223,63760,13.0
1784842162.906634,63815,11.0
1784842162.9106305,63839,13.0
1784842162.9216342,63909,13.0
1784842162.9236374,63922,13.0
1784842162.9256346,63933,11.0
1784842162.9276345,63944,11.0
1784842162.9296343,63955,11.0
1784842162.9351432,63990,11.0
1784842162.9381459,64012,11.0
1784842162.9436507,64045,11.0
1784842162.9456506,64056,11.0
1784842162.9511604,64089,11.0
1784842162.9551625,64113,13.0
1784842162.9591603,64135,11.0
1784842162.9611602,64148,13.0
1784842162.96316,64161,13.0
1784842162.9711642,64205,11.0
1784842162.978164,64251,13.0
1784842162.980164,64262,11.0
1784842162.982164,64273,11.0
1784842162.9901989,64321,11.0
1784842162.9921913,64332,11.0
1784842162.9956956,64354,11.0
1784842162.9977005,64365,11.0
1784842163.0007005,64387,11.0
1784842163.0027015,64398,11.0
1784842163.004702,64409,11.0
1784842163.0087004,64431,11.0
1784842163.0097003,64442,11.0
1784842163.0137002,64466,13.0
1784842163.0197084,64499,11.0
1784842163.0227048,64521,11.0
1784842163.0247047,64532,11.0
1784842163.035215,64600,11.0
1784842163.0372143,64612,12.0
1784842163.0392141,64623,11.0
1784842163.0467217,64671,11.0
1784842163.0502274,64695,11.0
1784842163.0542297,64717,11.0
1784842163.061739,64761,11.0
1784842163.0757437,64842,11.0
1784842163.081746,64879,13.0
1784842163.0852518,64901,11.0
1784842163.0892515,64923,11.0
1784842163.0902517,64934,11.0
1784842163.0982518,64980,13.0
1784842163.1022518,65002,11.0
1784842163.1042519,65013,11.0
1784842163.1052518,65024,11.0
1784842163.11076,65057,11.0
1784842163.1127603,65068,11.0
1784842163.11776,65101,11.0
1784842163.1207635,65121,20.0
1784842163.1257641,65154,11.0
1784842163.1317637,65191,13.0
1784842163.140272,65241,13.0
1784842163.1507797,65307,11.0
1784842163.15178,65318,11.0
1784842163.1582878,65355,13.0
1784842163.1602914,65366,11.0
1784842163.164288,65390,11.0
1784842163.168288,65412,11.0
1784842163.170292,65423,11.0
1784842163.1732929,65445,11.0
1784842163.1752925,65456,11.0
1784842163.1792917,65478,11.0
1784842163.1812918,65491,13.0
1784842163.183295,65502,11.0
1784842163.185325,65513,11.0
1784842163.1883245,65537,13.0
1784842163.1923249,65559,11.0
1784842163.1943245,65570,11.0
1784842163.2018275,65616,11.0
1784842163.2028325,65627,11.0
1784842163.2068322,65653,13.0
1784842163.2128322,65686,11.0
1784842163.216832,65708,11.0
1784842163.222836,65745,11.0
1784842163.2438526,65881,11.0
1784842163.2513614,65927,11.0
1784842163.2573602,65960,11.0
1784842163.2663617,66015,11.0
1784842163.2713706,66037,11.0
1784842163.2763658,66072,11.0
1784842163.2883987,66144,13.0
1784842163.290399,66155,11.0
1784842163.293399,66177,11.0
1784842163.2994175,66212,11.0
1784842163.3054175,66248,11.0
1784842163.3074176,66259,11.0
1784842163.3094172,66272,13.0
1784842163.3254216,66376,11.0
1784842163.3274212,66387,11.0
1784842163.3289268,66398,11.0
1784842163.3309286,66409,11.0
1784842163.3344333,66433,13.0
1784842163.338438,66455,11.0
1784842163.3434553,66493,11.0
1784842163.3534603,66554,13.0
1784842163.3574598,66576,11.0
1784842163.35846,66587,11.0
1784842163.3604598,66600,13.0
1784842163.3624597,66611,11.0
1784842163.3784637,66701,11.0
1784842163.3959732,66811,11.0
1784842163.4049733,66866,11.0
1784842163.4204853,66956,11.0
1784842163.4214857,66967,11.0
1784842163.4274855,67004,11.0
1784842163.4349947,67053,13.0
1784842163.4409935,67088,13.0
1784842163.4485135,67134,11.0
1784842163.4535136,67167,11.0
1784842163.4590244,67202,11.0
1784842163.461025,67213,11.0
1784842163.4630246,67224,11.0
1784842163.4670248,67248,11.0
1784842163.4820285,67345,14.0
1784842163.4860568,67367,11.0
1784842163.489056,67389,11.0
1784842163.493056,67411,11.0
1784842163.5025642,67470,11.0
1784842163.5116417,67525,11.0
1784842163.5275788,67619,13.0
1784842163.5295818,67632,13.0
1784842163.5305827,67643,11.0
1784842163.5400932,67695,13.0
1784842163.5456014,67728,11.0
1784842163.5511105,67763,13.0
1784842163.5661185,67853,11.0
1784842163.5691183,67875,11.0
1784842163.576626,67919,11.0
1784842163.5786264,67930,11.0
1784842163.5806282,67941,11.0
1784842163.5826266,67952,11.0
1784842163.5861344,67974,11.0
1784842163.5901349,67996,11.0
1784842163.595135,68031,11.0
1784842163.6016433,68064,11.0
1784842163.6036434,68075,11.0
1784842163.6066434,68097,11.0
1784842163.6106431,68123,11.0
1784842163.6236475,68202,11.0
1784842163.6316473,68246,11.0
1784842163.6351612,68268,11.0
1784842163.6381595,68290,11.0
1784842163.6411598,68312,11.0
1784842163.6436656,68325,13.0
1784842163.64767,68347,11.0
1784842163.6526701,68380,11.0
1784842163.65667,68402,11.0
1784842163.661178,68435,11.0
1784842163.6661816,68459,13.0
1784842163.672182,68494,11.0
1784842163.6741822,68505,11.0
1784842163.6751823,68516,11.0
1784842163.6942194,68630,11.0
1784842163.6962194,68641,11.0
1784842163.700219,68665,11.0
1784842163.7012188,68676,11.0
1784842163.70422,68689,13.0
1784842163.7052193,68702,13.0
1784842163.7117276,68739,11.0
1784842163.713728,68750,11.0
1784842163.7167292,68772,11.0
1784842163.723732,68809,11.0
1784842163.7267315,68833,11.0
1784842163.731182,68855,11.0
1784842163.7341826,68877,11.0
1784842163.7502573,68978,13.0
1784842163.7522573,68989,11.0
1784842163.7577684,69022,11.0
1784842163.7617683,69044,11.0
1784842163.7657685,69066,11.0
1784842163.7697728,69088,11.0
1784842163.7727726,69110,11.0
1784842163.7757733,69123,13.0
1784842163.7807724,69158,13.0
1784842163.792281,69224,11.0
1784842163.794281,69235,11.0
1784842163.8007896,69281,11.0
1784842163.8067892,69318,13.0
1784842163.8127909,69355,13.0
1784842163.8167894,69377,11.0
1784842163.8187895,69388,11.0
1784842163.8267932,69436,11.0
1784842163.8342972,69484,11.0
1784842163.8403018,69521,15.0
1784842163.8413017,69532,11.0
1784842163.8438098,69543,11.0
1784842163.845812,69554,11.0
1784842163.850321,69587,11.0
1784842163.8573215,69631,11.0
1784842163.8613212,69653,11.0
1784842163.8693235,69699,11.0
1784842163.8703291,69710,11.0
1784842163.8743284,69732,11.0
1784842163.876328,69743,11.0
1784842163.8848343,69798,11.0
1784842163.890839,69831,11.0
1784842163.8928394,69844,13.0
1784842163.8968391,69866,11.0
1784842163.9008393,69888,11.0
1784842163.9048398,69912,13.0
1784842163.9068394,69923,11.0
1784842163.9123483,69957,11.0
1784842163.913347,69968,11.0
1784842163.9183912,69992,11.0
1784842163.9233956,70025,11.0
1784842163.9253957,70038,13.0
1784842163.9293952,70060,11.0
1784842163.9404204,70128,11.0
1784842163.945466,70161,11.0
1784842163.9504652,70196,11.0
1784842163.9524653,70207,11.0
1784842163.959974,70251,11.0
1784842163.971978,70319,11.0
1784842163.996009,70466,11.0
1784842164.0035129,70512,11.0
1784842164.0065174,70536,13.0
1784842164.0165174,70591,11.0
1784842164.021521,70624,11.0
1784842164.0255208,70648,11.0
1784842164.0325212,70692,11.0
1784842164.0420294,70749,11.0
1784842164.0495374,70795,11.0
1784842164.0570507,70841,11.0
1784842164.0630472,70876,11.0
1784842164.0810509,70981,11.0
1784842164.0920792,71049,11.0
1784842164.1105874,71162,11.0
1784842164.1125875,71173,11.0
1784842164.1145883,71184,11.0
1784842164.1195915,71219,11.0
1784842164.1215913,71230,11.0
1784842164.131591,71291,11.0
1784842164.135103,71313,11.0
1784842164.1420991,71361,11.0
1784842164.1446085,71374,13.0
1784842164.1466355,71385,11.0
1784842164.1486354,71396,11.0
1784842164.1506433,71407,11.0
1784842164.1526392,71418,11.0
1784842164.153636,71429,11.0
1784842164.169639,71527,11.0
1784842164.1756396,71562,11.0
1784842164.1861522,71630,11.0
1784842164.194152,71676,11.0
1784842164.212687,71792,11.0
1784842164.2146873,71805,13.0
1784842164.2166872,71816,11.0
1784842164.2296927,71897,13.0
1784842164.2381995,71956,11.0
1784842164.2437034,71989,11.0
1784842164.2467077,72011,11.0
1784842164.2487078,72022,11.0
1784842164.2507079,72033,11.0
1784842164.252708,72044,11.0
1784842164.2602165,72093,13.0
1784842164.2752206,72181,11.0
1784842164.277221,72192,11.0
1784842164.2822206,72227,13.0
1784842164.2857285,72249,11.0
1784842164.2877274,72260,11.0
1784842164.2907274,72282,11.0
1784842164.3042054,72339,11.0
1784842164.3192105,72420,11.0
1784842164.3232112,72442,11.0
1784842164.3287134,72475,11.0
1784842164.3352337,72499,13.0
1784842164.344742,72556,11.0
1784842164.349742,72589,11.0
1784842164.3552518,72626,13.0
1784842164.373257,72729,11.0
1784842164.3742578,72740,11.0
1784842164.3802552,72773,11.0
1784842164.3852842,72806,11.0
1784842164.3892834,72828,11.0
1784842164.3912838,72841,13.0
1784842164.4027917,72907,11.0
1784842164.4077919,72940,11.0
1784842164.4097917,72951,11.0
1784842164.413792,72977,15.0
1784842164.4187918,73011,11.0
1784842164.4223032,73033,11.0
1784842164.4263031,73055,11.0
1784842164.4313033,73090,11.0
1784842164.433303,73101,11.0
1784842164.4358118,73112,11.0
1784842164.4488256,73193,11.0
1784842164.4578254,73252,13.0
1784842164.4618258,73276,11.0
1784842164.4638257,73287,11.0
1784842164.4658258,73300,13.0
1784842164.4738333,73346,11.0
1784842164.4758306,73357,11.0
1784842164.485339,73418,13.0
1784842164.487338,73429,11.0
1784842164.495338,73479,13.0
1784842164.501338,73512,11.0
1784842164.502338,73523,11.0
1784842164.5063381,73545,11.0
1784842164.5198498,73630,15.0
1784842164.5218496,73641,11.0
1784842164.530849,73702,13.0
1784842164.553866,73840,13.0
1784842164.5633814,73897,11.0
1784842164.5673816,73919,11.0
1784842164.5683815,73930,11.0
1784842164.574385,73965,13.0
1784842164.575382,73976,11.0
1784842164.592402,74077,11.0
1784842164.6039104,74145,11.0
1784842164.6109102,74189,11.0
1784842164.6119103,74200,11.0
